TimeID,s1,s2
t1,0.645384133,0.322692067