ID,t1,t2,t3
Bus1,0.0,0.0,0.0
Bus2,0.0,0.0,0.0
Bus3,0.13299999999999998,0.5700000000000001,0.76
Bus4,0.189,0.81,1.08
Bus5,0.189,0.81,1.08
Bus6,0.189,0.81,1.08
