SC_ID,GFPP,GasNode,ElecNode,ts,te,PcMin,PcMax,RcD,RcU,lambdaC,AlphaC,time,MIPGap
sc1,g1,ng102,ne101,1,24,0,10,-999,-999,,-999,100.0088882446289,0.0042426746473714135
sc2,g1,ng102,ne101,1,24,0,20,-999,-999,120.00000000002717,-999,33.05339050292969,4.409688843033761e-05
sc3,g1,ng102,ne101,1,24,0,30,-999,-999,79.9999999999908,-999,11.049875259399414,4.5466248861441716e-05
sc4,g1,ng102,ne101,1,24,0,40,-999,-999,99.99999999999082,-999,3.345396041870117,2.2378473879932882e-14
sc5,g1,ng102,ne101,1,24,0,50,-999,-999,,-999,100.02948188781738,0.02821615366494327
sc6,g1,ng102,ne101,1,24,0,60,-999,-999,,-999,100.01811790466309,0.02800725865168728
sc7,g1,ng102,ne101,1,24,0,70,-999,-999,,-999,100.01959609985352,0.02980062200616853
sc8,g1,ng102,ne101,1,24,0,80,-999,-999,,-999,100.01141738891602,0.029774530619830045
sc9,g1,ng102,ne101,1,24,0,90,-999,-999,,-999,100.01191711425781,0.026790005393759884
