SC_ID,GasNode,ElecNode,ts,te,PcMin,PcMax,RcD,RcU,lambdaC,AlphaC,time,MIPGap
sc1,ng102,ne101,1,4,0,10,-999,-999,3.585,-999,0.5805454254150391,0.0
sc2,ng102,ne101,1,4,0,20,-999,-999,3.585,-999,2.856597900390625,0.0
sc3,ng102,ne101,1,4,0,30,-999,-999,3.584999999998591,-999,25.954057693481445,0.0
sc4,ng102,ne101,1,4,0,40,-999,-999,3.585,-999,41.03015899658203,0.0
sc5,ng102,ne101,1,4,0,50,-999,-999,4.0,-999,24.28661346435547,0.0
sc6,ng102,ne101,1,4,0,60,-999,-999,4.0,-999,4.415748596191406,0.0
sc7,ng102,ne101,1,4,0,70,-999,-999,4.0,-999,4.749635696411133,0.0
sc8,ng102,ne101,1,4,0,80,-999,-999,4.0,-999,5.064470291137695,0.0
sc9,ng102,ne101,1,4,0,90,-999,-999,3.9999999999999996,-999,0.2225933074951172,0.0
