SC_ID,GasNode,ElecNode,ts,te,PcMin,PcMax,RcD,RcU,lambdaC,AlphaC,time,MIPGap,Obj
sc0,ng102,ne101,1,4,0,0,-999,-999,4.0,-999,0.0391082763671875,0.0,-704.0000000000007
sc1,ng102,ne101,1,4,0,10,-999,-999,4.0,-999,0.046123504638671875,0.0,-704.0
sc2,ng102,ne101,1,4,0,20,-999,-999,4.0,-999,0.03659629821777344,0.0,-704.0
sc3,ng102,ne101,1,4,0,30,-999,-999,4.0,-999,0.0325775146484375,0.0,-704.0000000000001
sc4,ng102,ne101,1,4,0,40,-999,-999,4.0,-999,0.03308868408203125,0.0,-704.0000000000001
sc5,ng102,ne101,1,4,10,10,-999,-999,,-999,,,
sc6,ng102,ne101,1,4,10,20,-999,-999,3.0,-999,0.037090301513671875,0.0,-704.0
sc7,ng102,ne101,1,4,10,30,-999,-999,3.000000000000002,-999,0.05313873291015625,0.0,-624.0000000000002
sc8,ng102,ne101,1,4,10,40,-999,-999,3.000000006366591,-999,0.05314064025878906,0.0,-544.0000010186544
