SC_ID,GasNode,ElecNode,ts,te,PcMin,PcMax,RcD,RcU,lambdaC,AlphaC,time,MIPGap
sc1,ng102,ne101,1,24,0,30,-999,-999,19,-999,0.1842060089111328,3.749447120209741e-13
sc2,ng102,ne101,1,24,0,31,-999,-999,19,-999,0.1829833984375,5.6398341861771704e-05
sc3,ng102,ne101,1,24,0,32,-999,-999,19,-999,0.1869964599609375,3.6068190769121265e-13
sc4,ng102,ne101,1,24,0,33,-999,-999,19,-999,0.19852447509765625,3.863806542313929e-13
sc5,ng102,ne101,1,24,0,34,-999,-999,19,-999,0.19200515747070312,3.0607207129339935e-13
sc6,ng102,ne101,1,24,0,35,-999,-999,19,-999,0.1900310516357422,0.0
sc7,ng102,ne101,1,24,0,36,-999,-999,19,-999,0.18549156188964844,0.0
sc8,ng102,ne101,1,24,0,37,-999,-999,19,-999,0.17345619201660156,0.0
sc9,ng102,ne101,1,24,0,38,-999,-999,19,-999,0.19852447509765625,0.0
