SC_ID,GasNode,ElecNode,ts,te,PcMin,PcMax,RcD,RcU,lambdaC,AlphaC,time,MIPGap
sc1,ng102,ne101,1,4,0,10,-999,-999,4.0,-999,0.8311939239501953,0.0
sc2,ng102,ne101,1,4,0,20,-999,-999,3.999999999998181,-999,1.5816993713378906,0.0
sc3,ng102,ne101,1,4,0,30,-999,-999,4.0,-999,1.7305774688720703,0.0
sc4,ng102,ne101,1,4,0,40,-999,-999,0.0,-999,,
sc5,ng102,ne101,1,4,0,50,-999,-999,3.8750000000122222,-999,10.075611114501953,0.0
sc6,ng102,ne101,1,4,0,60,-999,-999,3.8750000000000426,-999,8.94863510131836,0.0
sc7,ng102,ne101,1,4,0,70,-999,-999,3.875,-999,3.3167591094970703,0.0
sc8,ng102,ne101,1,4,0,80,-999,-999,3.875000000002517,-999,1.8428668975830078,0.0
sc9,ng102,ne101,1,4,0,90,-999,-999,3.8750000000745803,-999,1.856903076171875,0.0
