SC_ID,GasNode,ElecNode,ts,te,PcMin,PcMax,RcD,RcU,lambdaC,AlphaC,time,MIPGap
sc1,ng102,ne101,1,4,40,50,-999,-999,2000.0,-999,0.03752708435058594,0.0
sc2,ng102,ne101,1,4,0,20,-999,-999,2000.0,-999,0.04695320129394531,2.089653958065344e-05
sc3,ng102,ne101,1,4,0,30,-999,-999,2000.0,-999,0.049839019775390625,5.3273427427867036e-05
sc4,ng102,ne101,1,4,0,40,-999,-999,2000.0,-999,0.03714561462402344,5.327342742804919e-05
sc5,ng102,ne101,1,4,0,50,-999,-999,2000.0,-999,0.056392669677734375,5.3273427416573525e-05
sc6,ng102,ne101,1,4,0,60,-999,-999,2000.0,-999,0.05366325378417969,5.3273427418030754e-05
sc7,ng102,ne101,1,4,0,70,-999,-999,2000.0,-999,0.06623077392578125,1.7942208686360478e-05
sc8,ng102,ne101,1,4,0,80,-999,-999,2000.0,-999,0.057758331298828125,5.3273427427867036e-05
sc9,ng102,ne101,1,4,0,90,-999,-999,2000.0,-999,0.10030555725097656,5.3273427427867036e-05
