SC_ID,GasNode,ElecNode,ts,te,PcMin,PcMax,RcD,RcU,lambdaC,AlphaC,time,MIPGap
sc1,ng102,ne101,1,24,0,10,-999,-999,2.8500000000004597,-999,0.3559303283691406,0.0
sc2,ng102,ne101,1,24,0,20,-999,-999,2.8500000000004597,-999,0.3757972717285156,0.0
sc3,ng102,ne101,1,24,0,30,-999,-999,2.0,-999,0.6898250579833984,0.0
sc4,ng102,ne101,1,24,0,40,-999,-999,2.0000000000000004,-999,0.8291950225830078,0.0
sc5,ng102,ne101,1,24,0,50,-999,-999,2.8500000000004597,-999,0.6866264343261719,0.0
sc6,ng102,ne101,1,24,0,60,-999,-999,2.8500000000004597,-999,0.4181041717529297,0.0
sc7,ng102,ne101,1,24,0,70,-999,-999,2.8500000000004597,-999,0.3810081481933594,0.0
sc8,ng102,ne101,1,24,0,80,-999,-999,2.8500000000004597,-999,0.38501930236816406,0.0
sc9,ng102,ne101,1,24,0,90,-999,-999,2.8500000000004597,-999,0.3729724884033203,2.814748180791757e-13
