SC_ID,GasNode,ElecNode,ts,te,PcMin,PcMax,RcD,RcU,lambdaC,AlphaC,time,MIPGap
sc1,ng102,ne101,1,4,0,10,-999,-999,4.0,-999,4.372627258300781,0.0
sc2,ng102,ne101,1,4,0,20,-999,-999,4.0,-999,3.0189285278320312,0.0
sc3,ng102,ne101,1,4,0,30,-999,-999,4.0,-999,2.3352108001708984,0.0
sc4,ng102,ne101,1,4,0,40,-999,-999,,-999,,
sc5,ng102,ne101,1,4,0,50,-999,-999,2000.0,-999,99.15064239501953,0.0
sc6,ng102,ne101,1,4,0,60,-999,-999,,-999,,
sc7,ng102,ne101,1,4,0,70,-999,-999,,-999,,
sc8,ng102,ne101,1,4,0,80,-999,-999,,-999,,
sc9,ng102,ne101,1,4,0,90,-999,-999,,-999,,
