SC_ID,GasNode,ElecNode,ts,te,PcMin,PcMax,RcD,RcU,lambdaC,AlphaC,time,MIPGap
sc1,ng102,ne101,1,4,0,10,-999,-999,3.585,-999,0.9174232482910156,0.0
sc2,ng102,ne101,1,4,0,20,-999,-999,3.585,-999,3.2480812072753906,0.0
sc3,ng102,ne101,1,4,0,30,-999,-999,3.584999999998591,-999,30.367719650268555,0.0
sc4,ng102,ne101,1,4,0,40,-999,-999,3.585,-999,46.60711669921875,0.0
sc5,ng102,ne101,1,4,0,50,-999,-999,4.0,-999,27.16727066040039,0.0
sc6,ng102,ne101,1,4,0,60,-999,-999,4.0,-999,5.421821594238281,0.0
sc7,ng102,ne101,1,4,0,70,-999,-999,4.0,-999,5.842437744140625,0.0
sc8,ng102,ne101,1,4,0,80,-999,-999,4.0,-999,5.929664611816406,0.0
sc9,ng102,ne101,1,4,0,90,-999,-999,3.9999999999999996,-999,0.3489208221435547,0.0
