SC_ID,GasNode,ElecNode,ts,te,PcMin,PcMax,RcD,RcU,lambdaC,AlphaC,time,MIPGap
sc1,ng102,ne101,1,24,0,10,-999,-999,2.0999999999999996,-999,0.11380195617675781,0.03531895761500759
sc2,ng102,ne101,1,24,0,20,-999,-999,0.9499999999999997,-999,1.277883529663086,0.33726060503250094
sc3,ng102,ne101,1,24,0,30,-999,-999,2.0999999999999996,-999,2.3757896423339844,0.031116827908062045
sc4,ng102,ne101,1,24,0,40,-999,-999,2.0999999999999996,-999,1.4292831420898438,0.03809871345890297
sc5,ng102,ne101,1,24,0,50,-999,-999,2.0999999999999996,-999,1.3235836029052734,0.03987015608785121
sc6,ng102,ne101,1,24,0,60,-999,-999,2.0999999999999996,-999,1.3646202087402344,0.039870156087852375
sc7,ng102,ne101,1,24,0,70,-999,-999,2.0999999999999996,-999,1.3696269989013672,0.039870156087852375
sc8,ng102,ne101,1,24,0,80,-999,-999,2.099999999999885,-999,5.015277862548828,0.034793677754881375
sc9,ng102,ne101,1,24,0,90,-999,-999,2.099999999999885,-999,5.067417144775391,0.034793677754881375
