SC_ID,GFPP,GasNode,ElecNode,ts,te,PcMin,PcMax,RcD,RcU,lambdaC,AlphaC,time,MIPGap
sc1,g1,ng102,ne101,1,24,0,10,-999,-999,,-999,100.00989723205566,0.003214147460125644
sc2,g1,ng102,ne101,1,24,0,20,-999,-999,120.00000000002717,-999,50.9695930480957,8.819377688069609e-05
sc3,g1,ng102,ne101,1,24,0,30,-999,-999,79.99999999999994,-999,3.243253707885742,3.8241693770168203e-14
sc4,g1,ng102,ne101,1,24,0,40,-999,-999,99.99999999999991,-999,3.372964859008789,6.340930799943667e-05
sc5,g1,ng102,ne101,1,24,0,50,-999,-999,,-999,100.0174388885498,0.02641366218408289
sc6,g1,ng102,ne101,1,24,0,60,-999,-999,,-999,100.01591491699219,0.02700199554341423
sc7,g1,ng102,ne101,1,24,0,70,-999,-999,,-999,100.01492691040039,0.027180901046695325
sc8,g1,ng102,ne101,1,24,0,80,-999,-999,,-999,100.01040458679199,0.02725032747014983
sc9,g1,ng102,ne101,1,24,0,90,-999,-999,,-999,100.01290130615234,0.02589914790120745
