SC_ID,GasNode,ElecNode,ts,te,PcMin,PcMax,RcD,RcU,lambdaC,AlphaC,time,MIPGap
sc1,ng102,ne101,1,4,40,50,-999,-999,3.25,-999,0.2135639190673828,0.0
sc2,ng102,ne101,1,4,0,20,-999,-999,3.25,-999,0.28124237060546875,0.0
sc3,ng102,ne101,1,4,0,30,-999,-999,3.25,-999,0.2486553192138672,0.0
sc4,ng102,ne101,1,4,0,40,-999,-999,3.25,-999,0.3007946014404297,0.0
sc5,ng102,ne101,1,4,0,50,-999,-999,3.25,-999,0.18047523498535156,0.0
sc6,ng102,ne101,1,4,0,60,-999,-999,3.25,-999,0.12432861328125,0.0
sc7,ng102,ne101,1,4,0,70,-999,-999,3.25,-999,0.165435791015625,0.0
sc8,ng102,ne101,1,4,0,80,-999,-999,3.25,-999,0.0932464599609375,0.0
sc9,ng102,ne101,1,4,0,90,-999,-999,3.25,-999,0.08973503112792969,0.0
