SC_ID,GasNode,ElecNode,ts,te,PcMin,PcMax,RcD,RcU,lambdaC,AlphaC,time,MIPGap
sc1,ng102,ne101,1,4,0,10,-999,-999,4.833333333333334,-999,0.2391357421875,3.302562321331484e-14
sc2,ng102,ne101,1,4,0,20,-999,-999,4.0,-999,0.12683677673339844,0.0
sc3,ng102,ne101,1,4,0,30,-999,-999,4.0,-999,0.09926223754882812,0.0
sc4,ng102,ne101,1,4,0,40,-999,-999,3.9999999999999996,-999,0.13836097717285156,0.0
sc5,ng102,ne101,1,4,0,50,-999,-999,4.833333333333333,-999,0.10477447509765625,0.0
sc6,ng102,ne101,1,4,0,60,-999,-999,4.833333333333333,-999,0.09475135803222656,0.0
sc7,ng102,ne101,1,4,0,70,-999,-999,4.833333333333333,-999,0.14438247680664062,0.0
sc8,ng102,ne101,1,4,0,80,-999,-999,4.833333333333333,-999,0.12182426452636719,0.0
sc9,ng102,ne101,1,4,0,90,-999,-999,4.0,-999,0.14087295532226562,0.0
