SC_ID,GasNode,ElecNode,ts,te,PcMin,PcMax,RcD,RcU,lambdaC,AlphaC,time,MIPGap,GasProfit,mSEDACost
sc1,ng101,ne101,1,4,0,10,-999,-999,6.065394683520002,-999,0.051136016845703125,0.0,491.05093105212717,2857.462057318939
sc1,ng102,ne101,1,4,0,10,-999,-999,6.065394683520002,-999,0.051136016845703125,0.0,491.05093105212717,2857.462057318939
sc2,ng101,ne101,1,4,0,20,-999,-999,6.065394683520002,-999,0.05364227294921875,0.0,491.050931052127,2857.462057318939
sc2,ng102,ne101,1,4,0,20,-999,-999,6.065394683520002,-999,0.05364227294921875,0.0,491.050931052127,2857.462057318939
sc3,ng101,ne101,1,4,0,20,-999,-999,4.154674971329313,-999,0.054141998291015625,0.0,366.49772633330963,2857.462057318939
sc3,ng102,ne101,1,4,10,20,-999,-999,4.154674971329313,-999,0.054141998291015625,0.0,366.49772633330963,2857.462057318939
