SC_ID,GasNode,ElecNode,ts,te,PcMin,PcMax,RcD,RcU,lambdaC,AlphaC,time,MIPGap,GasProfit,mSEDACost
sc1,ng101,ne101,1,4,0,10,-999,-999,5.956800000000004,-999,0.03309059143066406,0.0,206.34240000000054,946.1824000000005
sc1,ng102,ne101,1,4,0,10,-999,-999,5.956800000000004,-999,0.03309059143066406,0.0,206.34240000000054,946.1824000000005
sc2,ng101,ne101,1,4,0,20,-999,-999,5.9568,-999,0.03485107421875,0.0,206.34240000000048,946.1824000000005
sc2,ng102,ne101,1,4,0,20,-999,-999,5.9568,-999,0.03485107421875,0.0,206.34240000000048,946.1824000000005
sc3,ng101,ne101,1,4,0,20,-999,-999,5.781599999999997,-999,0.037609100341796875,0.0,184.2624000000006,946.1824000000005
sc3,ng102,ne101,1,4,10,20,-999,-999,4.833973333333338,-999,0.037609100341796875,0.0,184.2624000000006,946.1824000000005
