ID,name,t1,t2,t3,t4
ng101,ng101,2.5550000000010256,2.55500000000064,2.555000000000695,2.5550000000011375
