ID,name,scenario,t1,t2,t3,t4
ng101,ng101,spm,2.5,2.5,2.5,2.499999999999999
ng101,ng101,sph,3.0,3.0,3.0,2.9999999999999987
ng101,ng101,spl,2.0,2.0,2.0,1.9999999999999993
