SC_ID,GasNode,ElecNode,ts,te,PcMin,PcMax,RcD,RcU,lambdaC,AlphaC,time,MIPGap,GasProfit,mSEDACost
sc1,ng101,ne101,1,24,0,10,-999,-999,2.1420000000000003,-999,0.07369422912597656,0.0,28.6640000000001,568.664
sc4,ng101,ne101,1,24,0,40,-999,-999,2.1420000000000003,-999,0.0290679931640625,0.0,28.66400000000033,568.6640000000002
